{
  "Marriages": [
    {
      "Members": [
        542057332918583316,
        395284196052041739
      ],
      "Timestamp": 1607989680.311865
    },
    {
      "Members": [
        290983149507182592,
        188028158593728512
      ],
      "Timestamp": 1608081353.9967837
    }
  ]
}